{"cameraMode":{"drawMode":0,"name":"Shaded","section":"Shading Mode"},"sceneLighting":true,"audioPlay":false,"sceneViewState":{"m_AlwaysRefresh":false,"showFog":true,"showSkybox":true,"showFlares":true,"showImageEffects":true,"showParticleSystems":true,"showVisualEffectGraphs":true,"m_FxEnabled":true},"in2DMode":false,"pivot":{"x":-0.02543950080871582,"y":0.06056177616119385,"z":0.6704360246658325},"rotation":{"x":0.061970651149749759,"y":-0.851064145565033,"z":0.10319645702838898,"w":0.5110747218132019},"size":1.1944139003753663,"orthographic":false}